"1","Aalkistensee","0,136","KA","PF","48.993611,8.761111","BW","0"
"2","Altshauser Weiher ","0,103","TÜ","RV","47.936389,9.529444","BW","0"
"3","Andelshofer Weiher ","0,322","TÜ","FN","47.786667,9.177778","BW","0"
"4","Argensee","0,267","TÜ","RV","47.776111,9.927222","BW","0"
"5","Badsee","0,425","TÜ","RV","47.417222,9.999722","BW","0"
"6","Bodensee","536","FR","FN","47.63333,9.3666","BW","0"
"7","Breitenauer See","0,47","S","HN","49.124444,9.386944","BW","0"
"8","Degersee","0,302","TÜ","FN","47.6125,9.65","BW","0"
"9","Eggbergbecken","0,12","FR","WT","47.580926,7.959681","BW","0"
"10","Ehmetsklinge","0,138","S","HN","49.056389,8.913056","BW","0"
"11","Ellerazhofer Weiher ","0,46","TÜ","RV","47.818396,9.9566","BW","0"
"12","Federsee","1,39","TÜ","BC","48.083333,9.616667","BW","0"
"13","Flückigersee","0,1 ","FR","FR","48.010556,7.817778","BW","0"
"14","Goldkanal","1,34","KA","RA","48.920556,8.178333","BW","2"
"15","Großer Ursee","0,194","TÜ","RV","47.968889,10.024167","BW","0"
"16","Großweiher","0,114 ","TÜ","RV","47.720996,9.82572","BW","0"
"17","Guggenhauser Weiher ","0,101","TÜ","RV","47.89488,9.459029","BW","0"
"18","Häcklerweiher","0,135","TÜ","RV","47.876305,9.577088","BW","0"
"19","Hochwasserrückhaltebecken Buch","0,28","S","AA","48.909444,10.153333","BW","0"
"20","Hochwasserrückhaltebecken Lorch-Waldhausen","0,37","S","AA","48.795,9.661111","BW","0"
"21","Hochwasserrückhaltebecken Rappenbach","0,4","TÜ","BC","47.959444,10.058333","BW","0"
"22","Hochwasserrückhaltebecken Rehnenmühle","0,565","S","AA","48.862778,9.808889","BW","0"
"23","Hochwasserrückhaltebecken Reichenbach","0,176","S","AA","48.873333,9.752222","BW","0"
"24","Hochwasserrückhaltebecken Schorndorf-Winterbach","0,62","S","WN","48.8058,9.4898","BW","0"
"25","Holzmühleweiher","0,238","TÜ","RV","48.8058,9.4898","BW","0"
"26","Hornbergbecken","0,17","FR","WT","47.659028,7.96111","BW","0"
"27","Illmensee","0,64263","TÜ","SIG","47.855278,9.380278","BW","0"
"28","Kirnbergsee","0,35","FR","VS","47.92778,8.36943","BW","0"
"29","Königseggsee","0,156","TÜ","RV","47.931962,9.447834","BW","0"
"30","Lausheimer Weiher","0,101","TÜ","SIG","47.97,9.311944","BW","0"
"31","Linachtalsperre","0,11","FR","VS","48.017334,8.290555","BW","0"
"32","Max-Eyth-See","0,173","S","S","48.8353,9.219","BW","0"
"33","Mettmabecken","0,2","FR","WT","47.720889,8.24833","BW","0"
"34","Metzisweiler Weiher","0,268","TÜ","RV","47.838925,9.826138","BW","0"
"35","Mindelsee","1,02","FR","KN","47.754444,9.022222","BW","0"
"36","Nagoldtalsperre","0,376","FR","FDS","48.58056,8.49361","BW","0"
"37","Nonnenmattweiher","0,78","FR","LÖ","47.794722,7.799167","BW","0"
"38","Oberer Schlossweiher","0,112","TÜ","RV","47.710286,9.902758","BW","0"
"39","Obersee","0,253","TÜ","RV","47.798889,9.88","BW","0"
"40","Olzreuter See","0,14","TÜ","BC","48.0125,9.680278","BW","0"
"41","Röhmsee","0,13","S","ES","48.6474203, 9.3706219","BW","0"
"42","Rohrsee","0,551","TÜ","RV","47.874167,9.836944","BW","0"
"43","Rösslerweiher","0,2","TÜ","RV","47.801523,9.680701","BW","0"
"44","Roter Weiher","0,104","TÜ","BC","48.041454,10.000097","BW","0"
"45","Ruschweiler See ","0,22124","TÜ","SIG","47.87,9.365833","BW","0"
"46","Schleinsee","0,141","TÜ","FN","47.612222,9.634167","BW","0"
"47","Schlosssee","0,18","TÜ","FN","47.771944,9.293333","BW","0"
"48","Schluchsee","5,14","FR","FR","47.821389,8.152778","BW","1"
"49","Schreckensee","0,32","TÜ","RV","47.889167,9.564444","BW","0"
"50","Schwaigfurter Weiher","0,138","TÜ","BC","47.814167,9.665","BW","0"
"51","Schwarzatalsperre","0,2","FR","WT","47.753889,8.190556","BW","0"
"52","Schwarzenbachtalsperre","0,66","KA","RA","48.654722,8.329444","BW","0"
"53","Stadtsee","0,147","TÜ","RV","47.922747,9.756386","BW","0"
"54","Stadtweiher","0,176","TÜ","RV","47.826184,10.040649","BW","0"
"55","Stausee Dettingen","0,52","TÜ","BC","48.105,10.136944","BW","0"
"56","Stausee Tannheim","0,165","TÜ","BC","48.006111,10.113889","BW","0"
"57","Steidlesee","0,248","TÜ","SIG","48.03568,9.254651","BW","0"
"58","Steingrundsee","0,705742","FR","OG","48.691389,7.935278","BW","0"
"59","Talsperre Kleine Kinzig","0,62","KA","FDS","48.398889,8.365556","BW","0"
"60","Titisee","1,07","FR","FR","47.893333,8.146111","BW","0"
"61","Wehratalsperre","0,25","FR","WT","47.649444,7.921667","BW","0"
"62","Windgfällweiher","0,1081","FR","FR","47.851944,8.125833","BW","0"
"63","Witznautalsperre","0,14","FR","WT","47.688333,8.251389","BW","0"
"64","Wuhrmühleweiher","0,277","TÜ","RV","47.766431,9.917344","BW","0"
"65","Zellersee","0,102","TÜ","RV","47.78556,9.87722","BW","0"
"66","Abtsdorfer See","0,84","Oberbayern","Berchtesgadener Land","47.910556,12.907778","BY","0"
"67","Aindlinger Baggersee","0,09","Schwaben","Aichach-Friedberg","48.517883,10.8831","BY","0"
"68","Alatsee","0,12","Schwaben","Ostallgäu","47.560833,10.639444","BY","0"
"69","Alpsee","0,88","Schwaben","Ostallgäu","47.551111,10.723611","BY","1"
"70","Altmühlsee","4,5","Mittelfranken","Weißenburg-Gunzenhausen","49.133037,10.72463","BY","1"
"71","Ameissee","0,04","Oberbayern","Weilheim-Schongau","47.79804,11.2989","BY","0"
"72","Ammersee","46,6","Oberbayern","Landsberg am Lech","48,11.116667","BY","0"
"73","Ampersee","0,09","Oberbayern","Fürstenfeldbruck","48.230734,11.357031","BY","0"
"74","Auensee","0,18","Schwaben","Aichach-Friedberg","48.312086,10.951589","BY","0"
"75","Aufhofener Weiher","0,02","Oberbayern","Bad Tölz-Wolfratshausen","47.93921,11.52462","BY","0"
"76","Autobahnsee","0,17","Schwaben","Augsburg","48.410103,10.927878","BY","0"
"77","Azwaldsee","0,5","Oberbayern","Ingolstadt","48.75112,11.4687","BY","0"
"78","Bachtelsee","0,34","Schwaben","Ostallgäu","47.84317,10.64992","BY","0"
"79","Bachtelweiher","0,05","Schwaben","Kempten","47.72,10.348","BY","0"
"80","Badenburger See","0,06","Oberbayern","München","48.15526,11.4911","BY","0"
"81","Badersee","0,01","Oberbayern","Garmisch-Partenkirchen","47.47324,11.01654","BY","0"
"82","Bärensee","0,54","Schwaben","Kaufbeuren","47.85769,10.64275","BY","0"
"83","Bärnsee","0,07","Oberbayern","Rosenheim","47.79733,12.33715","BY","0"
"84","Baggersee","0,5","Oberbayern","Ingolstadt","48.7503,11.39626","BY","0"
"85","Baggersee Irsingen","0,15","Schwaben","Unterallgäu","48.03109,10.62372","BY","0"
"86","Baggersee Rammingen","0,04","Schwaben","Unterallgäu","48.06576,10.60479","BY","0"
"87","Baggersee Salgen","0,16","Schwaben","Unterallgäu","48.14129,10.48844","BY","0"
"88","Baggersee westlich von Türkheim","0,04","Schwaben","Unterallgäu","48.05523,10.61664","BY","0"
"89","Baggersee Wiedergeltingen","0,01","Schwaben","Unterallgäu","48.04763,10.68993","BY","0"
"90","Baggersee am Hart","0,02","Oberbayern","Freising","48.29077,11.64654","BY","0"
"91","Bannwaldsee","2,28","Schwaben","Ostallgäu","47.60063,10.77455","BY","0"
"92","Barmsee","0,55","Oberbayern","Garmisch-Partenkirchen","47.49901,11.24612","BY","0"
"93","Bayersoiener See","0,23","Oberbayern","Garmisch-Partenkirchen","47.69076,11.00564","BY","0"
"94","Bechthaler Weiher","0,01","Mittelfranken","Weißenburg-Gunzenhausen","49.02186,11.17771","BY","0"
"95","Beckenweiher Wiesenfelden","0,1","Niederbayern","Straubing-Bogen","49.03972,12.53602","BY","0"
"96","Bibisee","0,16","Oberbayern","Bad Tölz-Wolfratshausen","47.83451,11.47316","BY","0"
"97","Bichlersee","0,01","Oberbayern","Rosenheim","47.67616,12.12211","BY","0"
"98","Biengartner Weiherplatte","0","Mittelfranken","Erlangen-Höchstadt","49.66068,10.84003","BY","0"
"99","Bingstetter See","0,2","Schwaben","Ostallgäu","47.98805,10.64858","BY","0"
"100","Birkensee","0,02","Niederbayern","Dingolfing-Landau","48.63508,12.45732","BY","0"
"101","Birkensee Langwieder Seenplatte","0,03","Oberbayern","Dachau","48.20384,11.41706","BY","0"
"102","Birkensee","0,02","Oberbayern","Bad Tölz-Wolfratshausen","47.86889,11.42552","BY","0"
"103","Birkensee","0,05","Mittelfranken","Nürnberger Land","49.456667,11.258333","BY","0"
"104","Blaibacher See","0,47","Oberpfalz","Cham","49.14957,12.83473","BY","0"
"105","Bockstallsee","0,02","Schwaben","Ostallgäu","47.57361,10.83688","BY","0"
"106","Bodensee","536","Bayern","Baden-Württemberg","47.52277,9.70093","BY","0"
"107","Böcklweiher","0,01","Oberbayern","Berchtesgadener Land","47.63464,12.96394","BY","0"
"108","Böhmerweiher","0,06","Oberbayern","München","48.17417,11.37484","BY","0"
"109","Bräuhaussee","0,05","Oberbayern","Weilheim-Schongau","47.78236,11.3187","BY","0"
"110","Brückelsee","1,45","Oberpfalz","Schwandorf","49.33961,12.22392","BY","0"
"111","Brückenhaussee","0,06","Oberfranken","Bamberg","49.97435,10.85943","BY","0"
"112","Brückensee","0,02","Oberbayern","Weilheim-Schongau","47.77575,11.30523","BY","0"
"113","Buchner Weiher","0,01","Oberbayern","Bad Tölz-Wolfratshausen","47.77688,11.48396","BY","0"
"114","Buchsee","0,02","Oberbayern","Bad Tölz-Wolfratshausen","47.92207,11.37541","BY","0"
"115","Buxheimer Weiher","0,07","Schwaben","Unterallgäu","47.99144,10.13424","BY","0"
"116","Chiemsee","79,9","Oberbayern","Traunstein","47.8709,12.45374","BY","0"
"117","Christlessee","0,01","Schwaben","Oberallgäu","47.36474,10.30141","BY","0"
"118","Craimoosweiher","0,15","Oberfranken","Bayreuth","49.82235,11.59476","BY","0"
"119","Dachssee","0,02","Schwaben","Ostallgäu","47.81172,10.70561","BY","0"
"120","Degerndorfer Weiher","0,01","Oberbayern","Bad Tölz-Wolfratshausen","47.877009,11.379261","BY","0"
"121","Deininger Weiher","0,03","Oberbayern","München","47.96602,11.52371","BY","0"
"122","Deixlfurter See","0,21","Oberbayern","Starnberg","47.91965,11.25416","BY","0"
"123","Dennenloher See","0,2","Mittelfranken","Ansbach","49.10513,10.61571","BY","0"
"124","Derchinger Baggersee","0,06","Schwaben","Aichach-Friedberg","48.41445,10.95835","BY","0"
"125","Deutensee","0,42","Oberbayern","Weilheim-Schongau","47.74035,10.87047","BY","0"
"126","Dietlhofer See","0,09","Oberbayern","Weilheim-Schongau","47.85584,11.15964","BY","0"
"127","Drachensee","1,58","Oberpfalz","Cham","49.31354,12.87074","BY","0"
"128","Dreiburgensee","0,08","Niederbayern","Passau","48.74418,13.35253","BY","0"
"129","Dutzendteich","0,31","Mittelfranken","Nürnberg","49.43185,11.11791","BY","0"
"130","Echinger See","0,13","Oberbayern","Freising","48.288447,11.634714","BY","0"
"131","Echinger Stausee","1,12","Niederbayern","Landshut","48.5033,12.04501","BY","0"
"132","Egelsee","0,01","Oberbayern","Starnberg","47.99619,11.19382","BY","0"
"133","Egglburger See","0,33","Oberbayern","Ebersberg","48.08399,11.93982","BY","0"
"134","Eggstätt-Hemhofer Seenplatte","3,5","Oberbayern","Rosenheim","47.9137,12.34468","BY","0"
"135","Eginger See","0,2","Niederbayern","Passau","48.72153,13.27614","BY","0"
"136","Eibsee","1,77","Oberbayern","Garmisch-Partenkirchen","47.45549,10.97328","BY","0"
"137","Eichenauer See","0,01","Oberbayern","Fürstenfeldbruck","48.15587,11.31217","BY","0"
"138","Eichinger See","0,02","Oberbayern","Dachau","48.22334,11.46107","BY","0"
"139","Eichsee","0,05","Oberbayern","Garmisch-Partenkirchen","47.68059,11.33214","BY","0"
"140","Einbessee","0,06","Oberbayern","Rosenheim","47.91921,12.35921","BY","0"
"141","Eishaussee","0,08","Oberbayern","Weilheim-Schongau","47.78423,11.31703","BY","0"
"142","Eisweiher","0,03","Mittelfranken","Nürnberg","49.426,11.175","BY","0"
"143","Eitzenberger Weiher","0,1","Oberbayern","Weilheim-Schongau","47.7864,11.36514","BY","0"
"144","Eixendorftalsperre","1,01","Oberpfalz","Schwandorf","49.33989,12.4439","BY","0"
"145","Elbsee","0,21","Schwaben","Ostallgäu","47.80036,10.55293","BY","0"
"146","Ellertshäuser See","0,33","Unterfranken","Schweinfurt","50.14877,10.37762","BY","0"
"147","Emmeringer See","0,03","Oberbayern","Fürstenfeldbruck","48.19218,11.28347","BY","0"
"148","Engelsrieder See","0,07","Oberbayern","Landsberg am Lech","47.8874,10.97835","BY","0"
"149","Engeratsgundsee","0,03","Schwaben","Oberallgäu","47.4413,10.39156","BY","0"
"150","Entenweiher","0,01","Oberbayern","München","48.11564,11.56341","BY","0"
"151","Erlabrunner Badesee","0,07","Unterfranken","Würzburg","49.85264,9.85458","BY","0"
"152","Erlauzwieseler See","0,08","Niederbayern","Freyung-Grafenau","48.72053,13.63901","BY","0"
"153","Erlensee","0,05","Oberbayern","Rosenheim","47.92355,12.13521","BY","0"
"154","Erlensee","0,02","Oberbayern","Erding","48.32172,12.24381","BY","0"
"155","Eschacher Weiher","0,09","Schwaben","Oberallgäu","47.69503,10.19128","BY","0"
"156","Eschenauer See","0,18","Oberbayern","Traunstein","47.945,12.398","BY","0"
"157","Eßsee","0,08","Oberbayern","Starnberg","47.96981,11.23393","BY","0"
"158","Falkensee","0,01","Oberbayern","Traunstein","47.74851,12.76617","BY","0"
"159","Fasaneriesee","0,15","Oberbayern","München","48.20463,11.52977","BY","0"
"160","Faulensee","0,02","Schwaben","Ostallgäu","47.62255,10.69704","BY","0"
"161","Feisnitz-Stausee","0,2","Oberfranken","Wunsiedel im Fichtelgebirge","50.03413,12.18062","BY","0"
"162","Feldmochinger See","0,2","Oberbayern","München","48.21441,11.51509","BY","0"
"163","Ferchensee","0,1","Oberbayern","Garmisch-Partenkirchen","47.43861,11.21362","BY","0"
"164","Feringasee","0,32","Oberbayern","München","48.19522,11.67147","BY","0"
"165","Fichtelsee","0,11","Oberfranken","Bayreuth","50.01451,11.86004","BY","0"
"166","Fichtsee","0,01","Oberbayern","Weilheim-Schongau","47.71282,11.3613","BY","0"
"167","Fischkaltersee","0,03","Oberbayern","Weilheim-Schongau","47.78133,11.32237","BY","0"
"168","Floriansee","0,08","Oberbayern","Rosenheim","47.83502,12.14646","BY","0"
"169","Fohnsee","0,21","Oberbayern","Weilheim-Schongau","47.78008,11.31377","BY","0"
"170","Förchensee","0,03","Oberbayern","Rosenheim","47.82741,12.39225","BY","0"
"171","Förchensee","0,04","Oberbayern","Traunstein","47.70791,12.62007","BY","0"
"172","Forggensee","15,2","Schwaben","Ostallgäu","47.61473,10.73982","BY","0"
"173","Förmitztalsperre","1,16","Oberfranken","Hof","50.19624,11.91124","BY","0"
"174","Forsterweiher","0,03","Oberbayern","Ingolstadt","48.753694,11.376002","BY","0"
"175","Frankenhofner See","0,45","Schwaben","Unterallgäu","47.97504,10.64116","BY","0"
"176","Frechensee","0,12","Oberbayern","Weilheim-Schongau","47.80901,11.28725","BY","0"
"177","Freibergsee","0,18","Schwaben","Oberallgäu","47.38121,10.26724","BY","0"
"178","Freigerichtsseen (Ostsee)","0,3","Unterfranken","Aschaffenburg","50.08545,9.00631","BY","0"
"179","Freigerichtsseen (Westsee)","0,2","Unterfranken","Aschaffenburg","50.08435,8.99983","BY","0"
"180","Freudensee","0,07","Niederbayern","Passau","48.66319,13.63506","BY","0"
"181","Frickenhäuser See","0,01","Unterfranken","Rhön-Grabfeld","50.40304,10.23697","BY","0"
"182","Fridolfinger See","0,06","Oberbayern","Traunstein","47.99426,12.84366","BY","0"
"183","Friedberger Baggersee","0,18","Schwaben","Aichach-Friedberg","48.36312,10.96333","BY","0"
"184","Frillensee","0,01","Oberbayern","Garmisch-Partenkirchen","47.45405,10.9849","BY","0"
"185","Frillensee","0,04","Oberbayern","Traunstein","47.76631,12.8168","BY","0"
"186","Froschgrundsee","0,23","Oberfranken","Coburg","50.35101,11.02718","BY","0"
"187","Froschhauser See","0,16","Oberbayern","Garmisch-Partenkirchen","47.68664,11.22519","BY","0"
"188","Fuggerweiher","0,04","Schwaben","Unterallgäu","48.13378,10.24158","BY","0"
"189","Funtensee","0,03","Oberbayern","Berchtesgadener Land","47.4934,12.93991","BY","0"
"190","Gallaweiher","0,14","Oberbayern","Weilheim-Schongau","47.86483,11.25373","BY","0"
"191","Garchinger See","0,05","Oberbayern","München","48.26106,11.63877","BY","0"
"192","Gartensee","0,07","Oberbayern","Weilheim-Schongau","47.81701,11.3016","BY","0"
"193","Germeringer See","0,03","Oberbayern","Fürstenfeldbruck","48.13705,11.34407","BY","0"
"194","Goldbergsee Coburg","0,72","Oberfranken","Coburg","50.28089,10.93457","BY","0"
"195","Griessee","0,09","Oberbayern","Traunstein","47.9863,12.4436","BY","0"
"196","Gröbensee","0,06","Oberbayern","Weilheim-Schongau","47.81214,11.3","BY","0"
"197","Großer Alpsee","2,47","Schwaben","Oberallgäu","47.57189,10.18295","BY","0"
"198","Großer Arbersee","0,08","Niederbayern","Regen","49.09866,13.15553","BY","0"
"199","Großer Bischofsweiher (Dechsendorfer Weiher)","0,35","Mittelfranken","Erlangen","49.63248,10.95204","BY","0"
"200","Großer Brombachsee","8,7","Mittelfranken","Weißenburg-Gunzenhausen","49.130847,10.935173","BY","0"
"201","Großer Ostersee","1,17","Oberbayern","Weilheim-Schongau","47.78768,11.30267","BY","0"
"202","Großwelzheimer Badesee","0,13","Unterfranken","Aschaffenburg","50.05826,9.01742","BY","0"
"203","Grünsee","0,02","Oberbayern","Miesbach","47.651944,11.866389","BY","0"
"204","Grünsee","0,04","Oberbayern","Berchtesgadener Land","47.50228,12.95337","BY","0"
"205","Grüntensee","1,23","Schwaben","Oberallgäu","47.61843,10.44954","BY","0"
"206","Guggenberger See","0,54","Oberpfalz","Regensburg","48.97858,12.2204","BY","0"
"207","Guggersee","0,01","Schwaben","Oberallgäu","47.31697,10.24917","BY","0"
"208","Gustavsee","0,25","Unterfranken","Aschaffenburg","50.05476,8.99091","BY","0"
"209","Haarsee","0,06","Oberbayern","Weilheim-Schongau","47.81062,11.22142","BY","0"
"210","Haagsweiher","0,01","Mittelfranken","Nürnberger Land","49.3807,11.22918","BY","0"
"211","Hackensee","0,08","Oberbayern","Miesbach","47.84907,11.6419","BY","0"
"212","Hahnenkammsee","0,23","Mittelfranken","Weißenburg-Gunzenhausen","48.963889,10.720278","BY","0"
"213","Hapberger Weiher","0,01","Oberbayern","Weilheim-Schongau","47.84662,11.26084","BY","0"
"214","Happinger See","0,23","Oberbayern","Rosenheim","47.81661,12.12852","BY","0"
"215","Happinger-Au-See","0,12","Oberbayern","Rosenheim","47.82994,12.141136","BY","0"
"216","Happurger See","0,55","Mittelfranken","Nürnberger Land","49.4825,11.480556","BY","0"
"217","Harmatinger Weiher","0,15","Oberbayern","Bad Tölz-Wolfratshausen","47.88609,11.53017","BY","0"
"218","Hartsee","0,87","Oberbayern","Rosenheim","47.92682,12.36714","BY","0"
"219","Haslacher See","0,40","Oberbayern","Weilheim-Schongau","47.75025,10.78532","BY","0"
"220","Hausler See","0,01","Oberbayern","Freising","48.29062,11.7221","BY","0"
"221","Hegratsrieder See","0,1","Schwaben","Ostallgäu","47.61655,10.76626","BY","0"
"222","Heiligenwaldsee","0,14","Mittelfranken","Weißenburg-Gunzenhausen","49.12141,10.98839","BY","0"
"223","Heimstettener See","0,11","Oberbayern","München","48.15544,11.73876","BY","0"
"224","Herrensee","0,03","Oberbayern","Weilheim-Schongau","47.78303,11.3231","BY","0"
"225","Herrenwieser Weiher","0,06","Schwaben","Kempten","47.71566,10.25317","BY","0"
"226","Hinterbrühler See","0,03","Oberbayern","München","48.08578,11.54273","BY","0"
"227","Hintersee","0,16","Oberbayern","Berchtesgadener Land","47.60709,12.85435","BY","0"
"228","Hochstraßer See","0,18","Oberbayern","Rosenheim","47.81027,12.13268","BY","0"
"229","Hochwasserspeicher Liebenstein","0,88","Oberpfalz","Tirschenreuth","49.8101,12.33413","BY","0"
"230","Hödenauer See","0,04","Oberbayern","Rosenheim","47.62769,12.19122","BY","0"
"231","Höglwörther See","0,14","Oberbayern","Berchtesgadener Land","47.81588,12.84263","BY","0"
"232","Höllensteinsee","0,54","Niederbayern","Regen","49.12534,12.86829","BY","0"
"233","Höllsee","0,01","Oberbayern","Bad Tölz-Wolfratshausen","47.69142,11.35793","BY","0"
"234","Hörsteiner See","0,59","Unterfranken","Aschaffenburg","50.05826,9.03356","BY","0"
"235","Hofstätter See","0,58","Oberbayern","Rosenheim","47.90179,12.17525","BY","0"
"236","Hopfensee","1,94","Schwaben","Ostallgäu","47.60033,10.67226","BY","0"
"237","Hubersee","0,01","Oberbayern","Rosenheim","47.79204,12.04213","BY","0"
"238","Hubersee","0,09","Oberbayern","Weilheim-Schongau","47.76373,11.35089","BY","0"
"239","Hütsee","0,06","Oberfranken","Bamberg","49.94755,10.87488","BY","0"
"240","Huttlerweiher","0,05","Schwaben","Ostallgäu","47.66929,10.73206","BY","0"
"241","Ickinger Weiher","0,12","Oberbayern","Bad Tölz-Wolfratshausen","47.94901,11.45303","BY","0"
"242","Igelsbachsee","0,9","Mittelfranken","Weißenburg-Gunzenhausen","49.14988,10.89526","BY","0"
"243","Ilsesee","0,1","Schwaben","Augsburg","48.28302,10.90155","BY","0"
"244","Ingstetter Weiher","0,03","Schwaben","Neu-Ulm","48.25908,10.27548","BY","0"
"245","Irsingener See","0,29","Schwaben","Unterallgäu","48.02151,10.65305","BY","0"
"246","Isarstausee Tölz","0,24","Oberbayern","Bad Tölz-Wolfratshausen","47.76904,11.54088","BY","0"
"247","Ismaninger Speichersee","5,8","Oberbayern","Ebersberg","48.21701,11.74713","BY","0"
"248","Jägersee","0,04","Mittelfranken","Roth","49.37222,11.19267","BY","0"
"249","Joshofner Weiher","0,14","Oberbayern","Neuburg-Schrobenhausen","48.74979,11.22678","BY","0"
"250","Kahler See","0,12","Unterfranken","Aschaffenburg","50.06865,9.02055","BY","0"
"251","Kainzmühlsperre","0,17","Oberpfalz","Neustadt an der Waldnaab","49.575,12.298","BY","0"
"252","Kaisersee","0,05","Schwaben","Augsburg","48.41972,10.91819","BY","0"
"253","Kammerweiher","0,17","Oberpfalz","Amberg-Sulzbach","49.68822,11.56576","BY","0"
"254","Karlsfelder See","0,25","Oberbayern","Dachau","48.23682,11.4683","BY","0"
"255","Karpfsee","0,1","Oberbayern","Bad Tölz-Wolfratshausen","47.66562,11.30682","BY","0"
"256","Kastenseeoner See","0,07","Oberbayern","Ebersberg","47.992693,11.829697","BY","0"
"257","Kautsee","0,16","Oberbayern","Rosenheim","47.923,12.355","BY","0"
"258","Kieferer See","0,03","Oberbayern","Rosenheim","47.60867,12.20377","BY","0"
"259","Kinsegger Weiher","0,06","Oberbayern","Weilheim-Schongau","47.6882,10.73772","BY","0"
"260","Kirchsee","0,42","Oberbayern","Bad Tölz-Wolfratshausen","47.81926,11.61916","BY","0"
"261","Kirnbergsee","0,03","Oberbayern","Weilheim-Schongau","47.76565,11.34866","BY","0"
"262","Kitzelsee","0,01","Oberbayern","Ebersberg","48.012778,11.858611","BY","0"
"263","Kleiner Alpsee","0,09","Schwaben","Oberallgäu","47.56512,10.20175","BY","0"
"264","Kleiner Arbersee","0,06","Oberpfalz","Cham","49.12648,13.1202","BY","0"
"265","Kleiner Brombachsee","2,5","Mittelfranken","Weißenburg-Gunzenhausen","49.134553,10.877151","BY","0"
"266","Kleiner Olchinger See","0,06","Oberbayern","Fürstenfeldbruck","48.20251,11.35516","BY","0"
"267","Kleiner See","0,2","Schwaben","Lindau","47.5504,9.68673","BY","0"
"268","Kleinhesseloher See","0,09","Oberbayern","München","48.16053,11.59631","BY","0"
"269","Klostersee","0,07","Unterfranken","Main-Spessart","49.8037,9.61377","BY","0"
"270","Kochelsee","5,95","Oberbayern","Bad Tölz-Wolfratshausen","47.64504,11.33995","BY","0"
"271","Königssee","5,22","Oberbayern","Berchtesgadener Land","47.55776,12.97932","BY","0"
"272","Kögelweiher","0,09","Schwaben","Ostallgäu","47.62325,10.54981","BY","0"
"273","Koglweiher","0,02","Oberbayern","Bad Tölz-Wolfratshausen","47.81104,11.59051","BY","0"
"274","Koppenbergweiher","0,01","Oberbayern","Weilheim-Schongau","47.73518,11.28131","BY","0"
"275","Korbsee","0,09","Schwaben","Ostallgäu","47.79327,10.69429","BY","0"
"276","Kratzmühlsee","0,1","Oberbayern","Eichstätt","49.00164,11.4469","BY","0"
"277","Kreutsee","0,02","Oberbayern","Rosenheim","47.62763,12.18552","BY","0"
"278","Krugsweiher","0,04","Mittelfranken","Nürnberger Land","49.37056,11.19201","BY","0"
"279","Kuhsee","0,17","Schwaben","Augsburg","48.33831,10.94011","BY","0"
"280","Lachenweiher","0,01","Oberbayern","Weilheim-Schongau","47.84882,11.25463","BY","0"
"281","Langbürgner See","1,04","Oberbayern","Rosenheim","47.90075,12.35001","BY","0"
"282","Langsee","0,01","Mittelfranken","Nürnberg","49.47044,11.13648","BY","0"
"283","Langwieder See","0,2","Oberbayern","München","48.19504,11.41514","BY","0"
"284","Latschensee","0,01","Niederbayern","Regen","49.02545,13.39774","BY","0"
"285","Lauser Weiher","0,06","Oberbayern","Rosenheim","47.938889,11.859167","BY","0"
"286","Lautersee","0,12","Oberbayern","Garmisch-Partenkirchen","47.43802,11.23524","BY","0"
"287","Lechstaustufe","2","Oberbayern","Schwaben","47.67227,10.78463","BY","0"
"288","Lechstaustufe 6 – Dornau","2,04","Oberbayern","Weilheim-Schongau","47.79505,10.88788","BY","0"
"289","Lechstaustufe 10 – Epfach","0,52","Oberbayern","Landsberg am Lech","47.90438,10.91423","BY","0"
"290","Lechstaustufe 22 – Unterbergen","0,3","Oberbayern","Schwaben","48.23531,10.9253","BY","0"
"291","Leitgeringer See","0,15","Oberbayern","Traunstein","48.07343,12.73642","BY","0"
"292","Lerchenauer See","0,08","Oberbayern","München","48.19779,11.53749","BY","0"
"293","Lobentalstausee","0,03","Schwaben","Ostallgäu","47.58642,10.8322","BY","0"
"294","Lödensee","0,1","Oberbayern","Traunstein","47.69388,12.59402","BY","0"
"295","Loidlsee","0,02","Oberbayern","Miesbach","47.76014,11.86065","BY","0"
"296","Luegsteinsee","0,01","Oberbayern","Rosenheim","47.64134,12.17123","BY","0"
"297","Lugenausee","0,06","Oberbayern","Weilheim-Schongau","47.76472,10.99564","BY","0"
"298","Lußsee","0,2","Oberbayern","München","48.19828,11.41849","BY","0"
"299","Lustsee","0,06","Oberbayern","Weilheim-Schongau","47.81028,11.29524","BY","0"
"300","Mainparksee","0,24","Unterfranken","Aschaffenburg","49.98782,9.06964","BY","0"
"301","Maisinger See","0,1","Oberbayern","Starnberg","47.98033,11.28084","BY","0"
"302","Maistättenweiher","0,03","Oberbayern","Starnberg","47.89795,11.20518","BY","0"
"303","Mallertshofer See","0,06","Oberbayern","München","48.2646,11.60152","BY","0"
"304","Mammendorfer See","0,04","Oberbayern","Fürstenfeldbruck","48.20106,11.16954","BY","0"
"305","Mandichosee","1,6","Schwaben","Aichach-Friedberg","48.26348,10.935","BY","0"
"306","Mandlachsee","0,01","Schwaben","Aichach-Friedberg","48.55258,11.06688","BY","0"
"307","Mantaweiher","0,014","Mittelfranken","Nürnberger Land","49.33955,11.32718","BY","0"
"308","Meerhofsee","0,12","Unterfranken","Aschaffenburg","50.08496,9.04278","BY","0"
"309","Mertsee","0,05","Niederbayern","Rottal-Inn","48.40663,12.75394","BY","0"
"310","Messesee Riem","0,02","Oberbayern","München","48.13495,11.69132","BY","0"
"311","Mittersee","0,14","Oberbayern","Traunstein","47.69061,12.58656","BY","0"
"312","Mollsee","0,02","Oberbayern","München","48.12466,11.5306","BY","0"
"313","Moorweiher","0,01","Schwaben","Oberallgäu","47.39523,10.2864","BY","0"
"314","Mooshamer Weiher","0,02","Oberbayern","Bad Tölz-Wolfratshausen","47.90639,11.52513","BY","0"
"315","Moosschwaiger Weiher","0,01","Oberbayern","München","48.15718,11.38478","BY","0"
"316","Mückensee","0,03","Oberbayern","Dachau","48.24733,11.49011","BY","0"
"317","Murner See","0,09","Oberpfalz","Schwandorf","49.35012,12.20349","BY","0"
"318","Nagler See","0,06","Oberfranken","Wunsiedel im Fichtelgebirge","49.97998,11.92276","BY","0"
"319","Neunersee","0,03","Oberbayern","Rosenheim","47.8041,12.13502","BY","0"
"320","Neusee","0,09","Oberbayern","Weilheim-Schongau","47.85642,11.26755","BY","0"
"321","Niedersonthofener See","1,35","Schwaben","Oberallgäu","47.63419,10.2636","BY","0"
"322","Notzenweiher","0,06","Schwaben","Oberallgäu","47.74032,10.45592","BY","0"
"323","Nußberger Weiher","0,24","Oberbayern","Weilheim-Schongau","47.84185,11.25918","BY","0"
"324","Oberegger Stausee","0,4","Schwaben","Günzburg","48.27007,10.31735","BY","0"
"325","Oberer Gaisalpsee","0,01","Schwaben","Oberallgäu","47.42253,10.32921","BY","0"
"326","Oberhauser Weiher","0,08","Oberbayern","Landsberg am Lech","47.95408,10.9859","BY","0"
"327","Oberpfälzer Seenland","8,1","Oberpfalz","Schwandorf","49.279,12.163","BY","0"
"328","Oberrieder Weiher","0,35","Schwaben","Günzburg","48.22527,10.29874","BY","0"
"329","Obersee","0,57","Oberbayern","Berchtesgadener Land","47.51766,12.98584","BY","0"
"330","Obinger See","0,31","Oberbayern","Traunstein","48.00313,12.41661","BY","0"
"331","Ölberger Weiher","0,03","Oberbayern","Weilheim-Schongau","47.72998,10.95331","BY","0"
"332","Ofenwaldsperre","0,03","Schwaben","Oberallgäu","47.5301,10.3038","BY","0"
"333","Oggenrieder Weiher","0,01","Schwaben","Ostallgäu","47.912027,10.563762","BY","0"
"334","Olchinger See","0,14","Oberbayern","Fürstenfeldbruck","48.20899,11.35654","BY","0"
"335","Olympiasee","0,09","Oberbayern","München","48.17361,11.55708","BY","0"
"336","Osterseen","2,24","Oberbayern","Weilheim-Schongau","47.78265,11.30673","BY","0"
"337","Östlicher Breitenauer See","0,02","Oberbayern","Weilheim-Schongau","47.79544,11.3","BY","0"
"338","Pagodenburger See","0,03","Oberbayern","München","48.15936,11.49299","BY","0"
"339","Pelhamer See","0,71","Oberbayern","Rosenheim","47.93348,12.35018","BY","0"
"340","Perlsee","0,07","Oberpfalz","Cham","49.39377,12.70054","BY","0"
"341","Pfeffersee","0,02","Oberbayern","Traunstein","47.888727,12.53537","BY","0"
"342","Pflegersee","0,02","Oberbayern","Garmisch-Partenkirchen","47.52017,11.0807","BY","0"
"343","Pilsensee","1,95","Oberbayern","Starnberg","48.02487,11.19182","BY","0"
"344","Plessenteich","0,23","Schwaben","Neu-Ulm","48.35924,10.04838","BY","0"
"345","Poschinger Weiher","0,06","Oberbayern","München","48.20188,11.64486","BY","0"
"346","Pucher Meer","0,06","Oberbayern","Fürstenfeldbruck","48.19029,11.23358","BY","0"
"347","Pumpspeicherkraftwerk Langenprozelten","0,12","Unterfranken","Main-Spessart","50.05528,9.58778","BY","0"
"348","Pumpspeicherkraftwerk Warmatsgund","0,01","Schwaben","Oberallgäu","47.34651,10.26327","BY","0"
"349","Rachelsee","0,06","Niederbayern","Freyung-Grafenau","48.97515,13.4017","BY","0"
"350","Radersdorfer Baggersee","0,05","Schwaben","Aichach-Friedberg","48.50848,11.15988","BY","0"
"351","Rannasee","0,2","Niederbayern","Oberösterreich","48.56799,13.76065","BY","0"
"352","Rappensee","0,02","Schwaben","Oberallgäu","47.28607,10.2523","BY","0"
"353","Rechenauer See","0,025","Oberbayern","Rosenheim","47.6432,12.19381","BY","0"
"354","Regattaparksee","0,15","Oberbayern","München","48.24214,11.5214","BY","0"
"355","Regattastrecke Oberschleißheim","0,31","Oberbayern","München","48.24325,11.51603","BY","0"
"356","Regener See","0,17","Niederbayern","Regen","48.97817,13.15445","BY","0"
"357","Reschbachklause","0,01","Niederbayern","Freyung-Grafenau","48.96348,13.56354","BY","0"
"358","Rettenberger Weiher","0,02","Oberbayern","Weilheim-Schongau","47.77209,11.34339","BY","0"
"359","Rettensee","0,01","Oberbayern","Bad Tölz-Wolfratshausen","47.68884,11.36928","BY","0"
"360","Riederecksee","0,01","Oberbayern","Miesbach","47.64044,11.80904","BY","0"
"361","Riederner Weiher","0,03","Oberbayern","Weilheim-Schongau","47.73829,11.35953","BY","0"
"362","Riegsee","1,97","Oberbayern","Garmisch-Partenkirchen","47.70295,11.22245","BY","0"
"363","Riemer See","0,08","Oberbayern","München","48.12631,11.70688","BY","0"
"364","Rießersee","0,03","Oberbayern","Garmisch-Partenkirchen","47.47798,11.08014","BY","0"
"365","Rinssee","0,4","Oberbayern","Rosenheim","47.91289,12.20272","BY","0"
"366","Röhrensee","0,02","Oberfranken","Bayreuth","49.93313,11.57292","BY","0"
"367","Röthensteiner See","0,01","Oberbayern","Miesbach","47.63949,11.79245","BY","0"
"368","Rohrmooser Weiher","0,02","Oberbayern","Weilheim-Schongau","47.7882,11.27468","BY","0"
"369","Rohrsee","0,03","Oberbayern","Bad Tölz-Wolfratshausen","47.68287,11.35556","BY","0"
"370","Rothsee","1,6","Mittelfranken","Roth","49.22021,11.184053","BY","0"
"371","Rothsee","0,11","Schwaben","Augsburg","48.3967,10.61434","BY","0"
"372","Rottachsee","2,82","Schwaben","Oberallgäu","47.64469,10.38534","BY","0"
"373","Rottauensee","0,54","Niederbayern","Rottal-Inn","48.42254,12.89357","BY","0"
"374","Rußweiher","0,55","Oberpfalz","Neustadt an der Waldnaab","49.76654,11.78698","BY","0"
"375","Rudufersee","0,17","Oberfranken","Lichtenfels","50.15997,11.13122","BY","0"
"376","Saalachsee","0,5","Oberbayern","Berchtesgadener Land","47.70913,12.858","BY","0"
"377","Sachensee","0,04","Oberbayern","Garmisch-Partenkirchen","47.53724,11.28353","BY","0"
"378","Sachsenrieder Weiher","0,06","Schwaben","Oberallgäu","47.83508,10.2345","BY","0"
"379","Sameisterweiher","0,3","Schwaben","Ostallgäu","47.68546,10.74434","BY","0"
"380","Sarchinger Weiher","0,28","Oberpfalz","Regensburg","49.00963,12.25119","BY","0"
"381","Schachensee","0,01","Oberbayern","Garmisch-Partenkirchen","47.42394,11.11975","BY","0"
"382","Schafirrsee","0,11","Oberbayern","Ingolstadt","48.741111,11.333611","BY","0"
"383","Schiffhüttensee","0,01","Oberbayern","Weilheim-Schongau","47.77382,11.31769","BY","0"
"384","Schillersberger Weiher","0,08","Oberbayern","Weilheim-Schongau","47.77612,11.26987","BY","0"
"385","Schergenweiher","0,03","Oberbayern","Weilheim-Schongau","47.86381,11.25916","BY","0"
"386","Schlappoltsee","0,01","Schwaben","Oberallgäu","47.35094,10.22666","BY","0"
"387","Schliersee","2,22","Oberbayern","Miesbach",NULL,"BY","0"
"388","Schlingener See","0,4","Schwaben","Ostallgäu",NULL,"BY","0"
"389","Schloßsee","0,27","Oberbayern","Rosenheim",NULL,"BY","0"
"390","Schlossweiher","0,05","Schwaben","Ostallgäu",NULL,"BY","0"
"391","Schlossweiher","0,02","Oberbayern","Bad Tölz-Wolfratshausen",NULL,"BY","0"
"392","Schmalensee","0,23","Oberbayern","Garmisch-Partenkirchen",NULL,"BY","0"
"393","Schmutterweiher","0,25","Schwaben","Ostallgäu",NULL,"BY","0"
"394","Schönauer Weiher","0,02","Oberbayern","Bad Tölz-Wolfratshausen",NULL,"BY","0"
"395","Schöngrundsee","0,02","Oberfranken","Bayreuth",NULL,"BY","0"
"396","Schrecksee","0,1","Schwaben","Oberallgäu",NULL,"BY","0"
"397","Schwabelsberger Weiher","0,04","Schwaben","Kempten",NULL,"BY","0"
"398","Schwabinger See","0,03","Oberbayern","München",NULL,"BY","0"
"399","Schwabweiher","0,02","Oberbayern","Weilheim-Schongau",NULL,"BY","0"
"400","Schwaigsee","0,06","Oberbayern","Weilheim-Schongau",NULL,"BY","0"
"401","Schwaltenweiher","0,3","Schwaben","Ostallgäu",NULL,"BY","0"
"402","Schwansee","0,2","Schwaben","Ostallgäu",NULL,"BY","0"
"403","Schwarzenberger Weiher","0,1","Schwaben","Oberallgäu",NULL,"BY","0"
"404","Schwarzer Weiher","0,01","Oberfranken","Wunsiedel im Fichtelgebirge",NULL,"BY","0"
"405","Seacht’n","0,03","Oberbayern","Starnberg",NULL,"BY","0"
"406","See am Langen Köchel","0,08","Oberbayern","Garmisch-Partenkirchen",NULL,"BY","0"
"407","See im Schönramer Moor","0,05","Oberbayern","Traunstein",NULL,"BY","0"
"408","See in der Allacher Lohe","0,05","Oberbayern","München",NULL,"BY","0"
"409","Seealpsee","0,08","Schwaben","Oberallgäu",NULL,"BY","0"
"410","Seehamer See","1,47","Oberbayern","Miesbach",NULL,"BY","0"
"411","Seeleinsee","0,01","Oberbayern","Berchtesgadener Land",NULL,"BY","0"
"412","Seeoner Seen","0,78","Oberbayern","Traunstein",NULL,"BY","0"
"413","Seestaller Weiher","0,03","Oberbayern","Bad Tölz-Wolfratshausen",NULL,"BY","0"
"414","Sengsee","0,05","Oberbayern","Weilheim-Schongau",NULL,"BY","0"
"415","Silbersee","0,55","Oberpfalz","Cham",NULL,"BY","0"
"416","Sileisee","0,015","Oberbayern","Rosenheim",NULL,"BY","0"
"417","Simssee","6,49","Oberbayern","Rosenheim",NULL,"BY","0"
"418","Soiernseen","0,06","Oberbayern","Garmisch-Partenkirchen",NULL,"BY","0"
"419","Soinsee","0,05","Oberbayern","Miesbach",NULL,"BY","0"
"420","Sonderhamer Weiher","0,04","Oberbayern","Bad Tölz-Wolfratshausen",NULL,"BY","0"
"421","Soyensee","0,5","Oberbayern","Rosenheim",NULL,"BY","0"
"422","Spitzingsee","0,28","Oberbayern","Miesbach",NULL,"BY","0"
"423","Staffelsee","7,66","Oberbayern","Garmisch-Partenkirchen",NULL,"BY","0"
"424","Stallauer Weiher","0,23","Oberbayern","Bad Tölz-Wolfratshausen",NULL,"BY","0"
"425","Starnberger See","56,36","Oberbayern","Starnberg",NULL,"BY","0"
"426","Stausee Bertoldsheim","1,09","Oberbayern","Neuburg-Schrobenhausen",NULL,"BY","0"
"427","Stausee Freyung","0,02","Niederbayern","Freyung-Grafenau",NULL,"BY","0"
"428","Stausee Gfallermühle","0,01","Oberbayern","Rosenheim",NULL,"BY","0"
"429","Stausee Oberilzmühle","0,1","Niederbayern","Passau",NULL,"BY","0"
"430","Stechsee","0,08","Oberbayern","Weilheim-Schongau",NULL,"BY","0"
"431","Steinberger See","1,84","Oberpfalz","Schwandorf",NULL,"BY","0"
"432","Steinsee","0,21","Oberbayern","Ebersberg",NULL,"BY","0"
"433","Stempflesee","0,01","Schwaben","Augsburg",NULL,"BY","0"
"434","Stocksee","0,02","Oberbayern","Weilheim-Schongau",NULL,"BY","0"
"435","Strangenweiher","0,02","Oberbayern","Weilheim-Schongau",NULL,"BY","0"
"436","Streitberger Weiher","0,06","Oberbayern","Weilheim Schongau",NULL,"BY","0"
"437","Sulzberger See","0,33","Schwaben","Oberallgäu",NULL,"BY","0"
"438","Surspeicher","0,67","Oberbayern","Berchtesgadener Land",NULL,"BY","0"
"439","Suttensee","0,01","Oberbayern","Miesbach",NULL,"BY","0"
"440","Sylvensteinsee","3,92","Oberbayern","Bad Tölz-Wolfratshausen",NULL,"BY","0"
"441","Tachinger See","2,36","Oberbayern","Traunstein",NULL,"BY","0"
"442","Taferlsee","0,01","Niederbayern","Passau",NULL,"BY","0"
"443","Taubensee","0,04","Oberbayern","Traunstein",NULL,"BY","0"
"444","Taubensee","0,03","Oberbayern","Berchtesgadener Land",NULL,"BY","0"
"445","Taxetweiher","0,02","Oberbayern","München",NULL,"BY","0"
"446","Tegernsee","8,9","Oberbayern","Miesbach",NULL,"BY","0"
"447","Thanninger Weiher","0,11","Oberbayern","Bad Tölz-Wolfratshausen",NULL,"BY","0"
"448","Thumsee","0,14","Oberbayern","Berchtesgadener Land",NULL,"BY","0"
"449","Tinninger See","0,26","Oberbayern","Rosenheim",NULL,"BY","0"
"450","Trausnitztalsperre","0,37","Oberpfalz","Schwandorf",NULL,"BY","0"
"451","Trebgastsee","0,07","Oberfranken","Kulmbach",NULL,"BY","0"
"452","Trinkwassertalsperre Frauenau","0,94","Niederbayern","Regen",NULL,"BY","0"
"453","Trinkwassertalsperre Mauthaus","0,92","Oberfranken","Kronach",NULL,"BY","0"
"454","Trollweiher","0,08","Schwaben","Ostallgäu",NULL,"BY","0"
"455","Tüttensee","0,11","Oberbayern","Traunstein",NULL,"BY","0"
"456","Unterer Gaisalpsee","0,04","Schwaben","Oberallgäu",NULL,"BY","0"
"457","Unterschleißheimer See","0,08","Oberbayern","München",NULL,"BY","0"
"458","Untreusee","0,6","Oberfranken","Hof",NULL,"BY","0"
"459","Ursee","0,02","Oberbayern","Weilheim-Schongau",NULL,"BY","0"
"460","Valznerweiher","0,04","Mittelfranken","Nürnberg",NULL,"BY","0"
"461","Vilstalsee","0,98","Niederbayern","Dingolfing-Landau",NULL,"BY","0"
"462","Waginger See","6,61","Oberbayern","Traunstein",NULL,"BY","0"
"463","Walchensee","16,27","Oberbayern","Bad Tölz-Wolfratshausen",NULL,"BY","0"
"464","Waldschwaigsee","0,09","Oberbayern","Dachau",NULL,"BY","0"
"465","Waldsee","0,04","Schwaben","Lindau",NULL,"BY","0"
"466","Waldweiher","0,07","Oberbayern","Bad Tölz-Wolfratshausen",NULL,"BY","0"
"467","Weiher im Loichingermoos","0,12","Niederbayern","Dingolfing-Landau",NULL,"BY","0"
"468","Weihertannensee","0,05","Unterfranken","Aschaffenburg",NULL,"BY","0"
"469","Weißensee","1,35","Schwaben","Ostallgäu",NULL,"BY","0"
"470","Weißenstädter See","0,48","Oberfranken","Wunsiedel im Fichtelgebirge",NULL,"BY","0"
"471","Weitmannsee","0,33","Schwaben","Aichach-Friedberg",NULL,"BY","0"
"472","Weitsee","0,64","Oberbayern","Traunstein",NULL,"BY","0"
"473","Weitsee","0,054","Oberbayern","Traunstein",NULL,"BY","0"
"474","Weßlinger See","0,17","Oberbayern","Starnberg",NULL,"BY","0"
"475","Westlicher Breitenauer See","0,06","Oberbayern","Weilheim-Schongau",NULL,"BY","0"
"476","Westsee","0,01","Oberbayern","München",NULL,"BY","0"
"477","Widdersberger Weiher","0,02","Oberbayern","Starnberg",NULL,"BY","0"
"478","Widdumer Weiher","0,07","Schwaben","Oberallgäu",NULL,"BY","0"
"479","Wildensee","0,02","Oberbayern","Garmisch-Partenkirchen",NULL,"BY","0"
"480","Wildsee","0,02","Oberbayern","Weilheim-Schongau",NULL,"BY","0"
"481","Windachspeicher","0,15","Oberbayern","Landsberg am Lech",NULL,"BY","0"
"482","Wöhrder See","0,52","Mittelfranken","Nürnberg",NULL,"BY","0"
"483","Wöhrsee","0,09","Oberbayern","Altötting",NULL,"BY","0"
"484","Wörther See","0,37","Niederbayern","Landshut",NULL,"BY","0"
"485","Wörthsee","4,34","Oberbayern","Starnberg",NULL,"BY","0"
"486","Wössener See","0,04","Oberbayern","Traunstein",NULL,"BY","0"
"487","Wolfelsee","0,01","Oberbayern","Weilheim-Schongau",NULL,"BY","0"
"488","Zeller See","0,08","Oberbayern","Neuburg-Schrobenhausen",NULL,"BY","0"
"489","Zellsee","1,0","Oberbayern","Weilheim-Schongau",NULL,"BY","0"
"490","Zeltnerweiher","0,02","Mittelfranken","Nürnberg",NULL,"BY","0"
"491","Bostalsee","120","Nohfelden","Sankt Wendel",NULL,"SL","0"
"492","Brückweiher Jägersburg","7,1","Homburg","Saarpfalz-Kreis",NULL,"SL","0"
"493","Burbacher Waldweiher","7","Burbach","Saarbrücken",NULL,"SL","0"
"494","Dillinger See","80","Dillingen","Saarlouis",NULL,"SL","0"
"495","Glashütter Weiher","3","Rohrbach","Saarpfalz",NULL,"SL","0"
"496","Griesweiher	Hassel","1,3","Niederwürzbach","Saarpfalz",NULL,"SL","0"
"497","Ihner Teich	Ihn","1,8","Wallerfangen","Saarlouis",NULL,"SL","0"
"498","Krämersweiher","1","Saarbrücken","Saarbrücken",NULL,"SL","0"
"499","Losheimer Stausee","31","Losheim am See","Merzig-Wadern",NULL,"SL","0"
"500","Mühlenweiher","1,7","Sankt Nikolaus","Saarbrücken",NULL,"SL","0"
"501","Würzbacher Weiher","12","Niederwürzbach","Saarpfalz",NULL,"SL","0"
"502","Noswendeler See","6,6","Noswendel","Merzig-Wadern ",NULL,"SL","0"
"503","Ommersheimer","1","Weiher	Ommersheim","Saarpfalz",NULL,"SL","0"
"504","Primstalsperre","99","Nonnweiler","St. Wendel",NULL,"SL","0"
"505","Prinzenweiher","1,1","Saarbrücken","Saarbrücken",NULL,"SL","0"
"506","Sägeweiher","1,1","Niederwürzbach","Saarpfalz",NULL,"SL","0"
"507","Tabaksweiher","2","Saarbrücken-Sankt Arnual","Saarbrücken",NULL,"SL","0"
